inst#,actual,predicted,error,prediction
1,1:bugged,2:valid,+,0.548
2,2:valid,2:valid,,1
3,2:valid,2:valid,,0.584
4,2:valid,2:valid,,1
5,2:valid,2:valid,,1
6,1:bugged,1:bugged,,0.61
7,1:bugged,2:valid,+,0.675
8,2:valid,2:valid,,0.998
9,2:valid,2:valid,,0.997
10,2:valid,2:valid,,0.992
11,2:valid,2:valid,,0.961
12,2:valid,2:valid,,0.946
13,1:bugged,1:bugged,,0.919
14,2:valid,2:valid,,1
15,2:valid,2:valid,,0.974
16,2:valid,2:valid,,1
17,2:valid,2:valid,,0.992
18,1:bugged,1:bugged,,0.622
19,1:bugged,2:valid,+,0.682
20,2:valid,2:valid,,1
21,2:valid,2:valid,,1
22,2:valid,2:valid,,1
23,2:valid,2:valid,,0.99
24,2:valid,2:valid,,0.998
25,2:valid,2:valid,,0.861
26,1:bugged,2:valid,+,0.606
27,2:valid,2:valid,,0.969
28,2:valid,2:valid,,0.767
29,1:bugged,1:bugged,,0.771
30,2:valid,2:valid,,0.999
31,1:bugged,2:valid,+,0.619
32,1:bugged,1:bugged,,0.615
33,2:valid,2:valid,,0.932
34,2:valid,2:valid,,1
35,2:valid,2:valid,,0.83
36,2:valid,2:valid,,1
37,2:valid,2:valid,,0.951
38,2:valid,2:valid,,0.999
39,2:valid,2:valid,,1
40,2:valid,2:valid,,0.951
41,2:valid,2:valid,,0.96
42,2:valid,2:valid,,0.999
43,2:valid,2:valid,,0.998
44,2:valid,2:valid,,1
45,2:valid,1:bugged,+,0.523
46,2:valid,2:valid,,0.989
47,2:valid,2:valid,,0.999
48,2:valid,2:valid,,0.871
49,2:valid,2:valid,,0.76
50,2:valid,2:valid,,0.987
51,2:valid,2:valid,,0.959
52,1:bugged,1:bugged,,0.551
53,2:valid,2:valid,,0.941
54,2:valid,2:valid,,0.793
55,2:valid,2:valid,,1
56,2:valid,2:valid,,1
57,2:valid,2:valid,,1
58,2:valid,2:valid,,0.977
59,1:bugged,1:bugged,,0.611
60,2:valid,2:valid,,0.628
61,2:valid,2:valid,,1
62,2:valid,2:valid,,0.975
63,2:valid,2:valid,,0.978
64,2:valid,1:bugged,+,0.548
65,2:valid,2:valid,,0.986
66,2:valid,2:valid,,1
67,2:valid,2:valid,,0.699
68,2:valid,2:valid,,0.999
69,2:valid,2:valid,,0.995
70,2:valid,2:valid,,1
71,2:valid,2:valid,,0.993
72,2:valid,2:valid,,0.999
73,2:valid,2:valid,,1
74,2:valid,2:valid,,0.957
75,2:valid,2:valid,,0.997
76,1:bugged,2:valid,+,0.565
77,2:valid,2:valid,,0.986
78,1:bugged,1:bugged,,0.611
79,2:valid,2:valid,,1
80,2:valid,2:valid,,1
81,2:valid,2:valid,,1
82,2:valid,2:valid,,0.984
83,2:valid,2:valid,,1
84,1:bugged,1:bugged,,0.619
85,2:valid,2:valid,,0.997
86,2:valid,2:valid,,1
87,2:valid,2:valid,,1
88,2:valid,2:valid,,0.53
89,2:valid,2:valid,,0.999
90,2:valid,2:valid,,0.955
91,2:valid,2:valid,,0.952
92,2:valid,2:valid,,0.714
93,2:valid,2:valid,,1
94,1:bugged,1:bugged,,0.564
95,2:valid,2:valid,,0.998
96,2:valid,2:valid,,1
97,1:bugged,1:bugged,,0.516
98,2:valid,2:valid,,1
99,2:valid,2:valid,,1
100,2:valid,2:valid,,0.998
101,2:valid,2:valid,,0.738
102,2:valid,2:valid,,1
103,2:valid,2:valid,,0.999
104,2:valid,2:valid,,0.987
105,1:bugged,2:valid,+,0.588
106,2:valid,2:valid,,0.927
107,2:valid,2:valid,,1
108,1:bugged,2:valid,+,0.686
109,2:valid,2:valid,,0.989
110,2:valid,2:valid,,0.999
111,1:bugged,1:bugged,,0.672
112,2:valid,2:valid,,1
113,2:valid,2:valid,,0.994
114,1:bugged,2:valid,+,0.999
115,2:valid,2:valid,,0.666
116,2:valid,2:valid,,0.999
117,2:valid,2:valid,,0.979
118,1:bugged,2:valid,+,0.537
119,2:valid,2:valid,,1
120,2:valid,2:valid,,0.983
121,1:bugged,1:bugged,,0.538
122,2:valid,2:valid,,0.933
123,2:valid,2:valid,,0.987
124,1:bugged,2:valid,+,0.507
125,2:valid,2:valid,,0.999
126,2:valid,1:bugged,+,0.59
127,2:valid,2:valid,,0.999
128,1:bugged,2:valid,+,0.54
129,2:valid,2:valid,,1
130,2:valid,2:valid,,0.713
131,1:bugged,1:bugged,,0.683
132,2:valid,2:valid,,0.979
133,2:valid,2:valid,,0.925
134,2:valid,2:valid,,0.812
135,2:valid,2:valid,,1
136,2:valid,2:valid,,0.875
137,2:valid,2:valid,,1
138,2:valid,2:valid,,0.999
139,2:valid,2:valid,,0.997
140,1:bugged,2:valid,+,1
141,2:valid,2:valid,,1
142,2:valid,2:valid,,0.791
143,2:valid,2:valid,,0.992
144,2:valid,1:bugged,+,0.616
145,2:valid,2:valid,,1
146,2:valid,2:valid,,1
147,2:valid,2:valid,,1
148,2:valid,2:valid,,1
149,2:valid,2:valid,,1
150,2:valid,2:valid,,1
151,2:valid,2:valid,,0.925
152,2:valid,2:valid,,1
153,2:valid,2:valid,,0.908
154,2:valid,2:valid,,1
155,2:valid,2:valid,,0.972
156,2:valid,2:valid,,1
157,2:valid,2:valid,,1
158,2:valid,2:valid,,0.958
159,2:valid,2:valid,,0.889
160,2:valid,2:valid,,0.996
161,2:valid,2:valid,,0.903
162,2:valid,2:valid,,0.998
163,2:valid,2:valid,,1
164,2:valid,2:valid,,0.998
165,2:valid,2:valid,,1
166,2:valid,2:valid,,0.998
167,2:valid,2:valid,,0.973
168,2:valid,2:valid,,0.882
169,2:valid,2:valid,,0.953
170,2:valid,2:valid,,0.956
171,2:valid,2:valid,,0.989
172,2:valid,1:bugged,+,0.631
173,2:valid,2:valid,,1
174,2:valid,2:valid,,1
175,2:valid,2:valid,,1
176,1:bugged,2:valid,+,0.636
177,2:valid,2:valid,,1
178,2:valid,1:bugged,+,0.544
179,2:valid,2:valid,,1
180,2:valid,2:valid,,1
181,1:bugged,2:valid,+,0.575
182,2:valid,2:valid,,1
183,2:valid,2:valid,,0.999
184,2:valid,2:valid,,0.56
185,1:bugged,2:valid,+,0.663
186,2:valid,2:valid,,0.973
187,2:valid,2:valid,,0.765
188,2:valid,2:valid,,0.996
189,2:valid,2:valid,,0.998
190,2:valid,2:valid,,1
191,2:valid,2:valid,,0.998
192,2:valid,2:valid,,0.99
193,2:valid,2:valid,,1
194,2:valid,2:valid,,0.887
195,2:valid,2:valid,,1
196,2:valid,2:valid,,1
197,2:valid,1:bugged,+,0.541
198,1:bugged,1:bugged,,0.833
199,1:bugged,1:bugged,,0.825
200,1:bugged,2:valid,+,0.504
201,1:bugged,1:bugged,,0.527
202,2:valid,2:valid,,1
203,2:valid,1:bugged,+,0.504
204,2:valid,1:bugged,+,0.521
205,2:valid,2:valid,,0.885
206,2:valid,2:valid,,1
207,2:valid,2:valid,,0.911
208,2:valid,2:valid,,1
209,2:valid,2:valid,,1
210,1:bugged,2:valid,+,0.615
211,2:valid,2:valid,,0.625
212,2:valid,2:valid,,0.539
213,2:valid,2:valid,,0.618
214,2:valid,2:valid,,0.989
215,2:valid,2:valid,,1
216,2:valid,2:valid,,1
217,2:valid,2:valid,,1
218,2:valid,2:valid,,0.817
219,2:valid,2:valid,,0.895
220,2:valid,2:valid,,0.995
221,1:bugged,1:bugged,,0.826
222,2:valid,2:valid,,0.997
223,2:valid,2:valid,,0.949
224,2:valid,2:valid,,0.998
225,1:bugged,2:valid,+,0.628
226,1:bugged,1:bugged,,0.73
227,2:valid,2:valid,,0.915
228,2:valid,2:valid,,1
229,1:bugged,2:valid,+,0.688
230,2:valid,1:bugged,+,0.527
231,2:valid,2:valid,,1
232,1:bugged,1:bugged,,0.501
233,2:valid,2:valid,,0.753
234,2:valid,2:valid,,1
235,2:valid,2:valid,,0.633
236,2:valid,2:valid,,0.945
237,2:valid,2:valid,,0.779
238,1:bugged,2:valid,+,0.522
239,1:bugged,2:valid,+,0.531
240,2:valid,1:bugged,+,0.674
241,2:valid,2:valid,,0.913
242,2:valid,2:valid,,1
243,2:valid,2:valid,,0.996
244,2:valid,2:valid,,1
245,2:valid,2:valid,,0.517
246,2:valid,1:bugged,+,0.589
247,2:valid,2:valid,,1
248,2:valid,2:valid,,0.994
249,2:valid,2:valid,,0.773
250,2:valid,2:valid,,1
251,2:valid,2:valid,,0.88
252,2:valid,2:valid,,1
253,2:valid,2:valid,,0.999
254,1:bugged,1:bugged,,0.526
255,2:valid,2:valid,,0.814
256,2:valid,2:valid,,0.95
257,1:bugged,1:bugged,,0.64
258,1:bugged,1:bugged,,0.79
259,2:valid,2:valid,,0.788
260,2:valid,2:valid,,0.889
261,2:valid,2:valid,,0.565
262,1:bugged,2:valid,+,0.651
263,1:bugged,2:valid,+,0.859
264,2:valid,2:valid,,1
265,2:valid,2:valid,,1
266,2:valid,2:valid,,0.992
267,2:valid,2:valid,,0.548
268,2:valid,2:valid,,0.607
269,2:valid,2:valid,,1
270,1:bugged,1:bugged,,0.614
271,2:valid,2:valid,,0.972
272,1:bugged,2:valid,+,0.505
273,2:valid,2:valid,,0.95
274,2:valid,2:valid,,1
275,1:bugged,2:valid,+,0.564
276,2:valid,2:valid,,0.997
277,1:bugged,2:valid,+,0.615
278,2:valid,2:valid,,1
279,2:valid,2:valid,,0.759
280,2:valid,2:valid,,0.934
281,2:valid,2:valid,,1
282,2:valid,2:valid,,1
283,1:bugged,1:bugged,,0.807
284,2:valid,2:valid,,0.667
285,2:valid,2:valid,,0.993
286,2:valid,2:valid,,1
287,2:valid,2:valid,,1
288,2:valid,2:valid,,1
289,2:valid,2:valid,,1
290,2:valid,2:valid,,1
291,2:valid,2:valid,,1
292,2:valid,2:valid,,0.998
293,2:valid,2:valid,,1
294,2:valid,1:bugged,+,0.524
295,2:valid,2:valid,,0.997
296,1:bugged,1:bugged,,0.533
297,2:valid,2:valid,,1
298,2:valid,2:valid,,0.999
299,2:valid,2:valid,,0.998
300,2:valid,2:valid,,1
301,2:valid,2:valid,,0.999
302,2:valid,1:bugged,+,0.633
303,2:valid,2:valid,,0.953
304,2:valid,2:valid,,1
305,2:valid,2:valid,,1
306,2:valid,2:valid,,1
307,2:valid,2:valid,,1
308,2:valid,2:valid,,1
309,2:valid,2:valid,,0.846
310,1:bugged,1:bugged,,0.794
311,2:valid,2:valid,,0.997
312,2:valid,2:valid,,0.994
313,2:valid,2:valid,,0.983
314,1:bugged,2:valid,+,0.658
315,2:valid,2:valid,,1
316,1:bugged,2:valid,+,0.88
317,2:valid,2:valid,,0.981
318,2:valid,2:valid,,0.982
319,2:valid,2:valid,,0.782
320,1:bugged,2:valid,+,0.525
321,2:valid,2:valid,,1
322,2:valid,2:valid,,0.972
323,2:valid,2:valid,,0.994
324,2:valid,2:valid,,0.998
325,2:valid,2:valid,,1
326,2:valid,2:valid,,0.699
327,2:valid,2:valid,,0.765
328,2:valid,2:valid,,1
329,2:valid,1:bugged,+,0.517
330,2:valid,2:valid,,1
331,2:valid,2:valid,,1
332,2:valid,2:valid,,1
333,1:bugged,2:valid,+,0.563
334,2:valid,2:valid,,1
335,1:bugged,1:bugged,,0.581
336,2:valid,2:valid,,0.824
337,2:valid,1:bugged,+,0.746
338,2:valid,2:valid,,1
339,1:bugged,1:bugged,,0.82
340,2:valid,2:valid,,0.994
341,2:valid,2:valid,,0.998
342,1:bugged,1:bugged,,0.605
343,1:bugged,2:valid,+,0.702
344,2:valid,2:valid,,1
345,2:valid,2:valid,,1
346,2:valid,2:valid,,1
347,1:bugged,1:bugged,,0.612
348,2:valid,2:valid,,0.818
349,2:valid,2:valid,,0.973
350,2:valid,2:valid,,1
351,2:valid,2:valid,,1
352,2:valid,2:valid,,1
353,2:valid,2:valid,,1
354,2:valid,2:valid,,0.995
355,1:bugged,2:valid,+,0.553
356,1:bugged,1:bugged,,0.839
357,1:bugged,2:valid,+,0.562
358,2:valid,2:valid,,0.981
359,2:valid,2:valid,,0.967
360,2:valid,2:valid,,0.756
361,1:bugged,1:bugged,,0.661
362,2:valid,2:valid,,1
363,2:valid,2:valid,,0.81
364,2:valid,2:valid,,0.651
365,1:bugged,1:bugged,,0.85
366,1:bugged,1:bugged,,0.8
367,2:valid,2:valid,,0.981
368,2:valid,2:valid,,0.85
369,2:valid,2:valid,,0.921
370,2:valid,2:valid,,1
371,2:valid,2:valid,,1
372,1:bugged,1:bugged,,0.539
373,2:valid,2:valid,,0.862
374,2:valid,2:valid,,0.968
375,2:valid,2:valid,,1
376,2:valid,2:valid,,0.992
377,2:valid,2:valid,,0.998
378,2:valid,2:valid,,0.774
379,1:bugged,1:bugged,,0.546
380,2:valid,1:bugged,+,0.517
381,2:valid,2:valid,,0.998
382,2:valid,2:valid,,0.966
383,2:valid,2:valid,,1
384,1:bugged,2:valid,+,0.682
385,2:valid,2:valid,,0.962
386,2:valid,2:valid,,1
387,2:valid,2:valid,,0.887
388,1:bugged,1:bugged,,0.519
389,2:valid,2:valid,,0.999
390,2:valid,2:valid,,0.731
391,2:valid,2:valid,,0.99
392,1:bugged,1:bugged,,0.674
393,2:valid,2:valid,,1
394,1:bugged,1:bugged,,0.681
395,1:bugged,2:valid,+,0.504
396,2:valid,2:valid,,0.994
397,1:bugged,1:bugged,,0.618
398,1:bugged,1:bugged,,0.641
399,2:valid,2:valid,,0.995
400,2:valid,2:valid,,0.999
401,2:valid,2:valid,,0.873
402,1:bugged,1:bugged,,0.507
403,2:valid,2:valid,,0.99
404,2:valid,2:valid,,0.989
405,2:valid,2:valid,,0.999
406,2:valid,2:valid,,0.988
407,2:valid,2:valid,,0.996
408,2:valid,2:valid,,1
409,2:valid,2:valid,,0.998
410,2:valid,2:valid,,0.984
411,2:valid,2:valid,,1
412,2:valid,2:valid,,0.991
413,2:valid,2:valid,,1
414,2:valid,2:valid,,0.999
415,2:valid,2:valid,,1
416,2:valid,2:valid,,0.59
417,2:valid,1:bugged,+,0.805
418,2:valid,2:valid,,0.617
419,2:valid,2:valid,,0.556
420,2:valid,2:valid,,0.844
421,2:valid,1:bugged,+,0.621
422,2:valid,2:valid,,0.999
423,2:valid,2:valid,,1
424,2:valid,2:valid,,1
425,2:valid,2:valid,,0.999
426,1:bugged,2:valid,+,0.609
427,2:valid,2:valid,,0.998
428,2:valid,2:valid,,1
429,2:valid,2:valid,,1
430,2:valid,2:valid,,0.972
431,2:valid,2:valid,,0.988
432,2:valid,2:valid,,0.775
433,2:valid,2:valid,,0.996
434,2:valid,2:valid,,1
435,1:bugged,1:bugged,,0.681
436,2:valid,2:valid,,0.966
437,2:valid,2:valid,,1
438,2:valid,2:valid,,1
439,1:bugged,2:valid,+,0.667
440,2:valid,2:valid,,0.989
441,2:valid,2:valid,,0.908
442,2:valid,2:valid,,0.993
443,2:valid,2:valid,,0.999
444,2:valid,2:valid,,0.628
445,2:valid,2:valid,,0.996
446,2:valid,1:bugged,+,0.631
447,2:valid,2:valid,,1
448,2:valid,2:valid,,1
449,2:valid,2:valid,,0.999
450,2:valid,2:valid,,0.984
451,2:valid,1:bugged,+,0.629
452,2:valid,2:valid,,1
453,2:valid,2:valid,,1
454,2:valid,2:valid,,1
455,2:valid,2:valid,,1
456,2:valid,2:valid,,0.98
457,2:valid,2:valid,,1
458,2:valid,2:valid,,0.612
459,2:valid,2:valid,,0.998
460,2:valid,2:valid,,0.999
461,2:valid,2:valid,,0.592
462,2:valid,2:valid,,1
463,2:valid,2:valid,,0.997
464,2:valid,2:valid,,0.999
465,2:valid,2:valid,,1
466,2:valid,2:valid,,1
467,2:valid,2:valid,,1
468,2:valid,2:valid,,1
469,2:valid,2:valid,,0.902
470,1:bugged,2:valid,+,0.546
471,2:valid,2:valid,,0.967
472,2:valid,2:valid,,0.977
473,2:valid,2:valid,,0.998
474,2:valid,2:valid,,1
475,2:valid,2:valid,,0.811
476,2:valid,2:valid,,1
477,2:valid,1:bugged,+,0.594
478,2:valid,2:valid,,0.97
479,2:valid,2:valid,,0.649
480,2:valid,1:bugged,+,0.622
481,2:valid,2:valid,,1
482,2:valid,2:valid,,1
483,1:bugged,1:bugged,,0.543
484,1:bugged,2:valid,+,0.55
485,2:valid,2:valid,,1
486,1:bugged,2:valid,+,0.506
487,2:valid,2:valid,,0.996
488,2:valid,2:valid,,1
489,2:valid,2:valid,,0.993
490,2:valid,2:valid,,1
491,2:valid,2:valid,,0.998
492,1:bugged,1:bugged,,0.544
493,2:valid,2:valid,,0.984
494,2:valid,2:valid,,1
495,2:valid,2:valid,,1
496,2:valid,2:valid,,1
497,1:bugged,2:valid,+,0.607
498,2:valid,2:valid,,0.836
499,2:valid,2:valid,,1
500,1:bugged,1:bugged,,0.543
501,1:bugged,1:bugged,,0.501
502,2:valid,2:valid,,0.998
503,2:valid,2:valid,,0.653
504,1:bugged,2:valid,+,0.543
505,2:valid,2:valid,,1
506,2:valid,2:valid,,0.999
507,1:bugged,2:valid,+,0.593
508,1:bugged,2:valid,+,0.999
509,2:valid,2:valid,,1
510,2:valid,2:valid,,1
511,2:valid,2:valid,,1
512,2:valid,2:valid,,1
513,2:valid,2:valid,,1
514,2:valid,2:valid,,0.997
515,1:bugged,2:valid,+,0.614
516,2:valid,2:valid,,1
517,1:bugged,2:valid,+,0.562
518,2:valid,2:valid,,1
519,2:valid,2:valid,,1
520,2:valid,2:valid,,0.999
521,1:bugged,2:valid,+,0.524
522,2:valid,2:valid,,1
523,2:valid,2:valid,,1
524,2:valid,2:valid,,0.995
525,2:valid,2:valid,,1
526,2:valid,2:valid,,1
527,2:valid,2:valid,,1
528,2:valid,2:valid,,1
529,1:bugged,1:bugged,,0.89
530,2:valid,2:valid,,1
531,2:valid,2:valid,,1
532,2:valid,2:valid,,0.808
533,1:bugged,2:valid,+,0.604
534,1:bugged,2:valid,+,0.636
535,2:valid,2:valid,,0.976
536,2:valid,2:valid,,0.994
537,2:valid,2:valid,,0.911
538,2:valid,2:valid,,0.992
539,2:valid,2:valid,,0.999
540,2:valid,2:valid,,0.842
541,1:bugged,2:valid,+,0.514
542,2:valid,2:valid,,0.778
543,2:valid,2:valid,,0.994
544,2:valid,2:valid,,1
545,2:valid,2:valid,,0.758
546,1:bugged,1:bugged,,0.591
547,2:valid,2:valid,,0.994
548,2:valid,2:valid,,1
549,2:valid,2:valid,,0.996
550,2:valid,2:valid,,0.736
551,2:valid,1:bugged,+,0.604
552,2:valid,2:valid,,1
553,1:bugged,2:valid,+,0.68
554,2:valid,2:valid,,1
555,2:valid,2:valid,,0.918
556,2:valid,2:valid,,0.984
557,1:bugged,2:valid,+,0.605
558,2:valid,2:valid,,1
559,2:valid,2:valid,,0.817
560,2:valid,2:valid,,0.985
561,2:valid,1:bugged,+,0.633
562,2:valid,2:valid,,1
563,2:valid,2:valid,,1
564,2:valid,2:valid,,1
565,2:valid,1:bugged,+,0.521
566,1:bugged,1:bugged,,0.562
567,2:valid,2:valid,,0.998
568,2:valid,2:valid,,0.991
569,1:bugged,2:valid,+,0.591
570,2:valid,2:valid,,0.998
571,2:valid,2:valid,,1
572,2:valid,1:bugged,+,0.552
573,2:valid,2:valid,,0.879
574,2:valid,2:valid,,1
575,2:valid,2:valid,,1
576,2:valid,2:valid,,0.908
577,2:valid,2:valid,,0.987
578,2:valid,2:valid,,1
579,2:valid,2:valid,,0.742
580,1:bugged,2:valid,+,0.553
581,2:valid,2:valid,,1
582,2:valid,2:valid,,0.833
583,2:valid,2:valid,,0.994
584,2:valid,2:valid,,0.966
585,2:valid,2:valid,,0.843
586,2:valid,2:valid,,1
587,2:valid,2:valid,,0.989
588,1:bugged,1:bugged,,0.502
589,2:valid,1:bugged,+,0.576
590,2:valid,1:bugged,+,0.556
591,1:bugged,2:valid,+,0.666
592,1:bugged,2:valid,+,0.588
593,2:valid,2:valid,,1
594,2:valid,2:valid,,1
595,2:valid,2:valid,,0.983
596,2:valid,2:valid,,0.998
597,2:valid,2:valid,,0.977
598,2:valid,2:valid,,0.999
599,2:valid,2:valid,,1
600,2:valid,2:valid,,0.625
601,1:bugged,2:valid,+,0.596
602,2:valid,2:valid,,1
603,2:valid,2:valid,,0.567
604,2:valid,2:valid,,0.998
605,2:valid,2:valid,,0.968
606,2:valid,2:valid,,0.672
607,2:valid,1:bugged,+,0.551
608,2:valid,2:valid,,1
609,2:valid,2:valid,,0.885
610,2:valid,2:valid,,1
611,2:valid,2:valid,,0.979
612,2:valid,2:valid,,1
613,2:valid,2:valid,,0.839
614,2:valid,2:valid,,1
615,2:valid,2:valid,,1
616,2:valid,2:valid,,1
617,2:valid,2:valid,,1
618,2:valid,2:valid,,0.998
619,2:valid,2:valid,,0.998
620,1:bugged,2:valid,+,0.966
621,1:bugged,2:valid,+,0.678
622,2:valid,2:valid,,1
623,2:valid,2:valid,,0.998
624,1:bugged,2:valid,+,0.652
625,1:bugged,1:bugged,,0.591
626,2:valid,2:valid,,0.999
627,2:valid,2:valid,,0.745
628,2:valid,2:valid,,0.998
629,2:valid,2:valid,,1
630,2:valid,2:valid,,0.983
631,2:valid,2:valid,,0.988
632,2:valid,2:valid,,1
633,2:valid,2:valid,,0.603
634,2:valid,2:valid,,1
635,2:valid,2:valid,,0.983
636,2:valid,2:valid,,1
637,2:valid,2:valid,,0.747
638,2:valid,2:valid,,0.967
639,2:valid,2:valid,,0.998
640,1:bugged,2:valid,+,0.62
641,2:valid,2:valid,,0.999
642,1:bugged,2:valid,+,0.81
643,2:valid,2:valid,,0.507
644,2:valid,2:valid,,0.999
645,2:valid,2:valid,,0.747
646,2:valid,2:valid,,0.985
647,2:valid,2:valid,,1
648,2:valid,2:valid,,0.666
649,2:valid,2:valid,,1
650,2:valid,2:valid,,1
651,2:valid,2:valid,,0.992
652,1:bugged,1:bugged,,0.565
653,2:valid,2:valid,,1
654,2:valid,2:valid,,0.97
655,2:valid,2:valid,,1
656,2:valid,2:valid,,1
657,1:bugged,1:bugged,,0.56
658,2:valid,2:valid,,1
659,2:valid,2:valid,,0.995
660,2:valid,2:valid,,1
661,2:valid,2:valid,,1
662,2:valid,1:bugged,+,0.65
663,2:valid,2:valid,,0.757
664,1:bugged,2:valid,+,0.837
665,2:valid,2:valid,,0.992
666,2:valid,2:valid,,0.676
667,2:valid,2:valid,,0.992
668,1:bugged,1:bugged,,0.607
669,2:valid,2:valid,,0.987
670,2:valid,2:valid,,0.631
671,2:valid,2:valid,,0.994
672,2:valid,2:valid,,0.817
673,1:bugged,1:bugged,,0.625
674,1:bugged,1:bugged,,0.515
675,2:valid,2:valid,,1
676,1:bugged,1:bugged,,0.516
677,2:valid,2:valid,,0.997
678,2:valid,2:valid,,0.997
679,1:bugged,2:valid,+,0.589
680,2:valid,2:valid,,1
681,2:valid,2:valid,,0.776
682,2:valid,2:valid,,1
683,2:valid,2:valid,,1
684,1:bugged,2:valid,+,0.572
685,1:bugged,2:valid,+,0.813
686,1:bugged,1:bugged,,0.509
687,2:valid,2:valid,,1
688,1:bugged,2:valid,+,0.601
689,2:valid,2:valid,,1
690,2:valid,2:valid,,0.999
691,2:valid,2:valid,,0.884
692,2:valid,2:valid,,1
693,1:bugged,2:valid,+,0.552
694,2:valid,2:valid,,1
695,2:valid,2:valid,,0.986
696,2:valid,2:valid,,0.949
697,2:valid,2:valid,,1
698,2:valid,2:valid,,0.998
699,2:valid,2:valid,,1
700,2:valid,2:valid,,0.994
701,2:valid,2:valid,,1
702,2:valid,2:valid,,1
703,2:valid,2:valid,,1
704,1:bugged,1:bugged,,0.749
705,2:valid,2:valid,,1
706,2:valid,2:valid,,0.978
707,1:bugged,1:bugged,,0.608
708,2:valid,1:bugged,+,0.621
709,1:bugged,1:bugged,,0.801
710,2:valid,2:valid,,0.998
711,2:valid,2:valid,,1
712,2:valid,2:valid,,0.994
713,1:bugged,1:bugged,,0.833
714,2:valid,2:valid,,0.968
715,2:valid,2:valid,,1
716,2:valid,2:valid,,0.997
717,2:valid,2:valid,,0.843
718,2:valid,2:valid,,0.996
719,2:valid,2:valid,,0.999
720,2:valid,2:valid,,0.998
721,2:valid,2:valid,,1
722,1:bugged,2:valid,+,0.575
723,2:valid,2:valid,,1
724,2:valid,2:valid,,0.995
725,1:bugged,1:bugged,,0.547
726,2:valid,2:valid,,1
727,2:valid,2:valid,,0.789
728,1:bugged,2:valid,+,0.575
729,2:valid,2:valid,,0.969
730,2:valid,2:valid,,0.995
731,2:valid,2:valid,,1
732,2:valid,2:valid,,0.852
733,2:valid,2:valid,,1
734,2:valid,2:valid,,0.969
735,2:valid,2:valid,,0.997
736,1:bugged,2:valid,+,0.588
737,2:valid,1:bugged,+,0.697
738,2:valid,2:valid,,1
739,2:valid,2:valid,,0.556
740,2:valid,2:valid,,1
741,2:valid,2:valid,,1
742,1:bugged,2:valid,+,0.607
743,2:valid,1:bugged,+,0.55
744,2:valid,2:valid,,1
745,2:valid,2:valid,,1
746,2:valid,2:valid,,1
747,2:valid,2:valid,,1
748,2:valid,2:valid,,0.999
749,2:valid,2:valid,,0.618
750,1:bugged,1:bugged,,0.516
751,2:valid,2:valid,,0.999
752,1:bugged,1:bugged,,0.639
753,2:valid,2:valid,,0.998
754,2:valid,2:valid,,1
755,2:valid,2:valid,,1
756,2:valid,2:valid,,0.999
757,1:bugged,2:valid,+,0.661
758,2:valid,2:valid,,1
759,2:valid,2:valid,,0.992
760,2:valid,2:valid,,0.873
761,2:valid,2:valid,,1
762,1:bugged,2:valid,+,0.522
763,2:valid,2:valid,,0.999
764,2:valid,2:valid,,0.991
765,2:valid,2:valid,,0.988
766,2:valid,2:valid,,0.936
767,2:valid,2:valid,,1
768,2:valid,2:valid,,1
769,2:valid,2:valid,,0.91
770,2:valid,2:valid,,0.951
771,2:valid,2:valid,,0.999
772,1:bugged,2:valid,+,0.79
773,2:valid,2:valid,,1
774,2:valid,2:valid,,1
775,2:valid,2:valid,,0.998
776,2:valid,1:bugged,+,0.577
777,2:valid,2:valid,,0.998
778,2:valid,2:valid,,1
779,1:bugged,2:valid,+,0.556
780,2:valid,2:valid,,1
781,2:valid,2:valid,,0.998
782,2:valid,2:valid,,1
783,2:valid,2:valid,,1
784,2:valid,2:valid,,0.897
785,2:valid,2:valid,,1
786,2:valid,2:valid,,0.99
787,1:bugged,1:bugged,,0.708
788,2:valid,2:valid,,0.776
789,2:valid,2:valid,,0.968
790,2:valid,2:valid,,1
791,2:valid,2:valid,,0.951
792,2:valid,2:valid,,0.644
793,2:valid,2:valid,,0.843
794,2:valid,2:valid,,1
795,2:valid,2:valid,,0.873
796,2:valid,2:valid,,1
797,2:valid,2:valid,,1
798,2:valid,2:valid,,0.815
799,2:valid,2:valid,,1
800,2:valid,2:valid,,0.995
801,2:valid,2:valid,,0.965
802,1:bugged,2:valid,+,0.668
803,2:valid,2:valid,,1
804,2:valid,2:valid,,0.989
805,1:bugged,2:valid,+,0.626
806,2:valid,2:valid,,0.993
807,2:valid,2:valid,,1
808,1:bugged,2:valid,+,0.745
809,2:valid,2:valid,,1
810,2:valid,2:valid,,1
811,2:valid,2:valid,,0.992
812,2:valid,1:bugged,+,0.695
813,2:valid,2:valid,,0.899
814,2:valid,2:valid,,1
815,2:valid,2:valid,,1
816,2:valid,2:valid,,0.508
817,2:valid,2:valid,,1
818,2:valid,1:bugged,+,0.582
819,2:valid,2:valid,,0.599
820,2:valid,2:valid,,0.972
821,2:valid,2:valid,,1
822,2:valid,2:valid,,1
823,1:bugged,2:valid,+,0.582
824,2:valid,2:valid,,0.581
825,2:valid,2:valid,,0.84
826,2:valid,2:valid,,1
827,2:valid,2:valid,,0.985
828,2:valid,2:valid,,0.999
829,2:valid,2:valid,,0.607
830,2:valid,2:valid,,0.953
831,1:bugged,1:bugged,,0.532
832,2:valid,2:valid,,0.997
833,2:valid,2:valid,,0.995
834,2:valid,2:valid,,0.998
835,1:bugged,1:bugged,,0.672
836,2:valid,2:valid,,0.9
837,2:valid,2:valid,,1
838,2:valid,2:valid,,1
839,2:valid,2:valid,,0.997
840,2:valid,1:bugged,+,0.704
841,2:valid,2:valid,,1
842,2:valid,2:valid,,1
843,2:valid,2:valid,,1
844,2:valid,2:valid,,1
845,2:valid,2:valid,,0.999
846,2:valid,2:valid,,1
847,2:valid,1:bugged,+,0.552
848,2:valid,2:valid,,0.861
849,2:valid,2:valid,,0.999
850,2:valid,2:valid,,0.75
851,1:bugged,1:bugged,,0.507
852,2:valid,2:valid,,1
853,2:valid,2:valid,,0.997
854,2:valid,2:valid,,0.982
855,2:valid,2:valid,,0.621
856,2:valid,2:valid,,1
857,1:bugged,2:valid,+,0.618
858,2:valid,2:valid,,1
859,2:valid,2:valid,,1
860,2:valid,2:valid,,0.791
861,2:valid,2:valid,,0.926
862,2:valid,2:valid,,0.987
863,2:valid,2:valid,,0.522
864,1:bugged,1:bugged,,0.606
865,2:valid,2:valid,,0.978
866,2:valid,2:valid,,0.94
867,1:bugged,2:valid,+,0.544
868,1:bugged,1:bugged,,0.773
869,1:bugged,2:valid,+,0.852
870,2:valid,2:valid,,1
871,2:valid,2:valid,,0.538
872,2:valid,2:valid,,1
873,2:valid,2:valid,,0.918
874,2:valid,2:valid,,0.922
875,2:valid,2:valid,,0.999
876,2:valid,2:valid,,0.648
877,2:valid,2:valid,,0.997
878,1:bugged,1:bugged,,0.906
879,2:valid,2:valid,,0.882
880,2:valid,2:valid,,1
881,2:valid,2:valid,,0.956
882,2:valid,2:valid,,0.997
883,2:valid,2:valid,,1
884,2:valid,2:valid,,0.999
885,2:valid,2:valid,,1
886,1:bugged,2:valid,+,0.629
887,2:valid,2:valid,,1
888,2:valid,2:valid,,0.552
889,2:valid,1:bugged,+,0.667
890,2:valid,2:valid,,0.999
891,1:bugged,2:valid,+,0.521
892,2:valid,1:bugged,+,0.535
893,2:valid,2:valid,,1
894,2:valid,2:valid,,0.737
895,1:bugged,2:valid,+,0.635
896,1:bugged,1:bugged,,0.862
897,2:valid,2:valid,,1
898,2:valid,2:valid,,0.996
899,2:valid,2:valid,,1
900,2:valid,2:valid,,1
901,2:valid,2:valid,,0.807
902,2:valid,1:bugged,+,0.582
903,1:bugged,2:valid,+,0.686
904,2:valid,2:valid,,0.999
905,1:bugged,2:valid,+,0.582
906,2:valid,2:valid,,0.987
907,1:bugged,2:valid,+,1
908,1:bugged,1:bugged,,0.526
909,1:bugged,1:bugged,,0.586
910,2:valid,2:valid,,1
911,2:valid,2:valid,,0.986
912,1:bugged,2:valid,+,0.619
913,2:valid,2:valid,,1
914,2:valid,2:valid,,1
915,2:valid,2:valid,,1
916,2:valid,2:valid,,1
917,2:valid,2:valid,,0.897
918,2:valid,2:valid,,0.718
919,2:valid,2:valid,,0.999
920,2:valid,2:valid,,0.668
921,1:bugged,1:bugged,,0.558
922,2:valid,1:bugged,+,0.523
923,2:valid,2:valid,,1
924,2:valid,2:valid,,0.885
925,2:valid,2:valid,,1
926,2:valid,2:valid,,0.995
927,1:bugged,1:bugged,,0.87
928,2:valid,2:valid,,1
929,2:valid,1:bugged,+,0.654
930,2:valid,2:valid,,0.998
931,2:valid,2:valid,,0.999
932,1:bugged,1:bugged,,0.827
933,2:valid,2:valid,,0.611
934,2:valid,2:valid,,1
935,2:valid,1:bugged,+,0.762
936,2:valid,2:valid,,0.98
937,2:valid,2:valid,,0.998
938,1:bugged,2:valid,+,0.585
939,2:valid,2:valid,,0.961
940,2:valid,2:valid,,1
941,2:valid,2:valid,,0.905
942,2:valid,2:valid,,1
943,2:valid,2:valid,,0.999
944,2:valid,2:valid,,0.56
945,1:bugged,1:bugged,,0.733
946,2:valid,2:valid,,1
947,1:bugged,2:valid,+,0.549
948,2:valid,2:valid,,0.992
949,2:valid,2:valid,,1
950,2:valid,2:valid,,1
951,2:valid,2:valid,,1
952,2:valid,2:valid,,1
953,2:valid,2:valid,,1
954,2:valid,2:valid,,1
955,2:valid,2:valid,,1
956,1:bugged,2:valid,+,0.562
957,2:valid,2:valid,,0.989
958,1:bugged,1:bugged,,0.544
959,1:bugged,2:valid,+,0.583
960,2:valid,2:valid,,0.903
961,2:valid,2:valid,,0.852
962,2:valid,2:valid,,1
963,2:valid,2:valid,,0.998
964,1:bugged,2:valid,+,0.501
965,2:valid,2:valid,,0.808
966,2:valid,2:valid,,0.998
967,2:valid,2:valid,,0.979
968,1:bugged,1:bugged,,0.511
969,2:valid,1:bugged,+,0.624
970,1:bugged,1:bugged,,0.912
971,2:valid,2:valid,,0.859
972,2:valid,2:valid,,0.997
973,2:valid,1:bugged,+,0.795
974,2:valid,2:valid,,1
975,2:valid,2:valid,,0.556
976,2:valid,2:valid,,1
977,2:valid,2:valid,,1
978,2:valid,1:bugged,+,0.577
979,2:valid,2:valid,,0.994
980,2:valid,2:valid,,0.993
981,2:valid,2:valid,,1
982,2:valid,2:valid,,0.999
983,2:valid,2:valid,,0.999
984,2:valid,2:valid,,0.61
985,2:valid,2:valid,,0.999
986,2:valid,2:valid,,0.786
987,2:valid,2:valid,,0.996
988,1:bugged,2:valid,+,0.582
989,2:valid,2:valid,,0.992
990,2:valid,2:valid,,1
991,2:valid,2:valid,,0.907
992,2:valid,2:valid,,1
993,2:valid,1:bugged,+,0.55
994,2:valid,2:valid,,0.995
995,2:valid,2:valid,,0.994
996,2:valid,2:valid,,0.752
997,1:bugged,2:valid,+,0.636
998,1:bugged,2:valid,+,0.657
999,2:valid,2:valid,,1
1000,2:valid,2:valid,,1
1001,2:valid,2:valid,,1
1002,1:bugged,2:valid,+,0.599
1003,1:bugged,2:valid,+,0.643
1004,2:valid,2:valid,,0.654
1005,2:valid,2:valid,,1
1006,2:valid,2:valid,,0.999
1007,2:valid,2:valid,,1
1008,2:valid,2:valid,,1
1009,2:valid,2:valid,,0.996
1010,2:valid,2:valid,,1
1011,1:bugged,2:valid,+,0.715
1012,2:valid,2:valid,,1
1013,2:valid,2:valid,,1
1014,2:valid,2:valid,,0.588
1015,2:valid,2:valid,,1
1016,2:valid,2:valid,,0.588
1017,1:bugged,2:valid,+,0.573
1018,2:valid,2:valid,,0.927
1019,1:bugged,2:valid,+,0.534
1020,1:bugged,2:valid,+,0.529
1021,2:valid,2:valid,,0.931
1022,2:valid,2:valid,,1
1023,2:valid,2:valid,,0.892
1024,2:valid,2:valid,,0.999
1025,2:valid,2:valid,,1
1026,2:valid,2:valid,,1
1027,2:valid,2:valid,,1
1028,2:valid,2:valid,,0.786
1029,1:bugged,1:bugged,,0.511
1030,2:valid,2:valid,,0.996
1031,2:valid,2:valid,,1
1032,1:bugged,2:valid,+,0.508
1033,2:valid,2:valid,,0.998
1034,2:valid,2:valid,,1
1035,2:valid,2:valid,,0.597
1036,2:valid,2:valid,,0.992
1037,2:valid,2:valid,,0.999
1038,2:valid,2:valid,,1
1039,2:valid,2:valid,,0.917
1040,2:valid,2:valid,,0.978
1041,1:bugged,2:valid,+,0.669
1042,2:valid,2:valid,,1
1043,2:valid,2:valid,,0.993
1044,1:bugged,1:bugged,,0.519
1045,2:valid,2:valid,,0.999
1046,2:valid,2:valid,,1
1047,2:valid,2:valid,,0.997
1048,2:valid,2:valid,,0.9
1049,2:valid,2:valid,,0.987
1050,2:valid,1:bugged,+,0.54
1051,2:valid,2:valid,,1
1052,2:valid,2:valid,,1
1053,2:valid,2:valid,,1
1054,2:valid,2:valid,,1
1055,2:valid,2:valid,,0.839
1056,2:valid,2:valid,,0.998
1057,2:valid,2:valid,,0.99
1058,1:bugged,1:bugged,,0.621
1059,2:valid,2:valid,,1
1060,1:bugged,1:bugged,,0.504
1061,2:valid,2:valid,,1
1062,1:bugged,2:valid,+,0.564
1063,2:valid,2:valid,,0.998
1064,2:valid,2:valid,,0.845
1065,2:valid,2:valid,,1
1066,2:valid,2:valid,,0.985
1067,2:valid,2:valid,,0.99
1068,2:valid,2:valid,,1
1069,2:valid,2:valid,,0.999
1070,2:valid,2:valid,,0.931
1071,2:valid,2:valid,,0.995
1072,2:valid,2:valid,,0.862
1073,2:valid,2:valid,,1
1074,2:valid,2:valid,,0.999
1075,2:valid,2:valid,,0.998
1076,2:valid,2:valid,,1
1077,2:valid,2:valid,,0.999
1078,2:valid,2:valid,,0.972
1079,2:valid,2:valid,,0.978
1080,2:valid,2:valid,,0.999
1081,2:valid,2:valid,,0.992
1082,2:valid,2:valid,,0.969
1083,2:valid,2:valid,,1
1084,2:valid,1:bugged,+,0.621
1085,2:valid,2:valid,,0.997
1086,2:valid,2:valid,,0.654
1087,2:valid,2:valid,,0.83
1088,2:valid,2:valid,,0.983
1089,2:valid,2:valid,,1
1090,1:bugged,1:bugged,,0.77
1091,2:valid,2:valid,,0.996
1092,2:valid,2:valid,,1
1093,2:valid,2:valid,,0.996
1094,2:valid,2:valid,,1
1095,1:bugged,2:valid,+,0.619
1096,2:valid,2:valid,,1
1097,2:valid,2:valid,,1
1098,2:valid,2:valid,,0.998
1099,1:bugged,1:bugged,,0.621
1100,2:valid,2:valid,,0.99
1101,2:valid,2:valid,,1
1102,1:bugged,2:valid,+,0.619
1103,1:bugged,1:bugged,,0.529
1104,2:valid,2:valid,,0.945
1105,2:valid,2:valid,,0.984
1106,2:valid,2:valid,,1
1107,2:valid,2:valid,,0.792
1108,2:valid,2:valid,,1
1109,1:bugged,2:valid,+,0.577
1110,2:valid,2:valid,,1
1111,2:valid,2:valid,,1
1112,1:bugged,2:valid,+,0.614
1113,2:valid,2:valid,,0.985
1114,2:valid,2:valid,,0.525
1115,2:valid,2:valid,,0.999
1116,2:valid,2:valid,,0.999
1117,2:valid,2:valid,,1
1118,2:valid,2:valid,,1
1119,2:valid,2:valid,,0.793
1120,2:valid,2:valid,,0.999
1121,1:bugged,1:bugged,,0.877
1122,2:valid,2:valid,,1
1123,2:valid,2:valid,,1
1124,1:bugged,1:bugged,,0.877
1125,2:valid,1:bugged,+,0.608
1126,2:valid,2:valid,,0.56
1127,2:valid,2:valid,,0.998
1128,2:valid,2:valid,,1
1129,1:bugged,2:valid,+,0.721
1130,2:valid,2:valid,,1
1131,2:valid,1:bugged,+,0.569
1132,2:valid,2:valid,,0.999
1133,2:valid,2:valid,,0.634
1134,2:valid,2:valid,,0.882
1135,2:valid,2:valid,,0.997
1136,2:valid,2:valid,,1
1137,2:valid,2:valid,,1
1138,2:valid,2:valid,,1
1139,1:bugged,2:valid,+,0.565
1140,1:bugged,1:bugged,,0.511
1141,2:valid,2:valid,,0.998
1142,2:valid,2:valid,,0.662
1143,2:valid,2:valid,,1
1144,2:valid,2:valid,,0.999
1145,2:valid,2:valid,,0.999
1146,2:valid,2:valid,,0.807
1147,2:valid,1:bugged,+,0.581
1148,2:valid,2:valid,,1
1149,1:bugged,1:bugged,,0.523
1150,2:valid,1:bugged,+,0.577
1151,2:valid,2:valid,,1
1152,2:valid,2:valid,,0.999
1153,2:valid,2:valid,,0.877
1154,2:valid,2:valid,,1
1155,2:valid,2:valid,,0.963
1156,2:valid,2:valid,,1
1157,1:bugged,2:valid,+,0.511
1158,2:valid,2:valid,,1
1159,2:valid,2:valid,,0.997
1160,2:valid,2:valid,,1
1161,2:valid,2:valid,,1
1162,2:valid,2:valid,,0.729
1163,1:bugged,1:bugged,,0.614
1164,1:bugged,2:valid,+,0.514
1165,2:valid,2:valid,,1
1166,2:valid,2:valid,,1
1167,1:bugged,2:valid,+,0.525
1168,2:valid,2:valid,,0.991
1169,2:valid,2:valid,,0.894
1170,1:bugged,1:bugged,,0.583
1171,2:valid,2:valid,,1
1172,2:valid,2:valid,,0.998
1173,1:bugged,2:valid,+,0.607
1174,1:bugged,2:valid,+,0.769
1175,2:valid,2:valid,,0.998
1176,2:valid,2:valid,,1
1177,2:valid,2:valid,,0.827
1178,1:bugged,2:valid,+,0.661
1179,2:valid,2:valid,,0.993
1180,2:valid,2:valid,,1
1181,2:valid,1:bugged,+,0.702
1182,2:valid,2:valid,,1
1183,2:valid,2:valid,,1
1184,2:valid,2:valid,,0.51
1185,1:bugged,2:valid,+,0.58
1186,2:valid,2:valid,,1
1187,2:valid,2:valid,,1
1188,2:valid,2:valid,,1
1189,2:valid,2:valid,,0.921
1190,2:valid,2:valid,,0.982
1191,2:valid,2:valid,,0.993
1192,2:valid,2:valid,,0.929
1193,2:valid,2:valid,,1
1194,2:valid,1:bugged,+,0.594
1195,2:valid,2:valid,,0.995
1196,2:valid,2:valid,,0.829
1197,2:valid,2:valid,,1
1198,2:valid,2:valid,,0.999
1199,1:bugged,1:bugged,,0.631
1200,1:bugged,1:bugged,,0.777
1201,2:valid,2:valid,,1
1202,2:valid,1:bugged,+,0.69
1203,2:valid,2:valid,,0.99
1204,2:valid,2:valid,,0.994
1205,2:valid,2:valid,,1
1206,2:valid,2:valid,,1
1207,1:bugged,1:bugged,,0.884
1208,2:valid,2:valid,,0.965
1209,2:valid,2:valid,,0.989
1210,2:valid,2:valid,,1
1211,2:valid,2:valid,,0.963
1212,1:bugged,1:bugged,,0.532
1213,2:valid,1:bugged,+,0.715
1214,2:valid,2:valid,,0.823
1215,2:valid,2:valid,,0.917
1216,1:bugged,1:bugged,,0.671
1217,2:valid,2:valid,,0.976
1218,2:valid,2:valid,,1
1219,2:valid,2:valid,,0.508
1220,2:valid,2:valid,,0.998
1221,2:valid,2:valid,,0.998
1222,2:valid,2:valid,,0.989
1223,2:valid,2:valid,,0.994
1224,2:valid,2:valid,,1
1225,2:valid,2:valid,,0.999
1226,2:valid,2:valid,,1
1227,2:valid,2:valid,,1
1228,2:valid,2:valid,,0.954
1229,2:valid,2:valid,,0.882
1230,2:valid,2:valid,,1
1231,2:valid,2:valid,,0.915
1232,2:valid,2:valid,,1
1233,2:valid,2:valid,,1
1234,2:valid,2:valid,,0.962
1235,2:valid,2:valid,,1
1236,2:valid,2:valid,,0.998
1237,2:valid,2:valid,,0.998
1238,2:valid,2:valid,,1
1239,2:valid,2:valid,,1
1240,2:valid,2:valid,,1
1241,2:valid,2:valid,,0.998
1242,2:valid,2:valid,,1
1243,2:valid,2:valid,,0.999
1244,1:bugged,2:valid,+,0.524
1245,2:valid,2:valid,,0.742
1246,2:valid,2:valid,,1
1247,2:valid,2:valid,,1
1248,1:bugged,1:bugged,,0.572
1249,2:valid,2:valid,,0.982
1250,2:valid,2:valid,,1
1251,2:valid,2:valid,,0.8
1252,2:valid,1:bugged,+,0.732
1253,2:valid,2:valid,,0.999
1254,2:valid,2:valid,,0.977
1255,2:valid,2:valid,,0.601
1256,1:bugged,2:valid,+,0.648
1257,1:bugged,1:bugged,,0.574
1258,2:valid,2:valid,,1
1259,2:valid,2:valid,,0.847
1260,2:valid,2:valid,,0.898
1261,2:valid,2:valid,,0.841
1262,1:bugged,2:valid,+,0.664
1263,2:valid,2:valid,,0.999
1264,2:valid,2:valid,,0.976
1265,2:valid,2:valid,,0.999
1266,2:valid,1:bugged,+,0.504
1267,2:valid,2:valid,,1
1268,1:bugged,1:bugged,,0.506
1269,2:valid,2:valid,,0.684
1270,2:valid,2:valid,,0.999
1271,2:valid,2:valid,,0.641
1272,2:valid,2:valid,,0.676
1273,2:valid,2:valid,,1
1274,2:valid,2:valid,,0.999
1275,2:valid,2:valid,,0.993
1276,2:valid,2:valid,,1
1277,2:valid,1:bugged,+,0.52
1278,2:valid,2:valid,,0.557
1279,2:valid,2:valid,,0.977
1280,2:valid,1:bugged,+,0.57
1281,2:valid,2:valid,,0.977
1282,2:valid,2:valid,,0.997
1283,2:valid,2:valid,,0.834
1284,2:valid,2:valid,,0.999
1285,2:valid,2:valid,,1
1286,2:valid,2:valid,,0.976
1287,2:valid,2:valid,,0.976
1288,2:valid,2:valid,,1
1289,2:valid,2:valid,,0.87
1290,2:valid,2:valid,,1
1291,2:valid,2:valid,,0.554
1292,2:valid,2:valid,,1
1293,2:valid,2:valid,,1
1294,2:valid,2:valid,,0.932
1295,2:valid,2:valid,,1
1296,2:valid,2:valid,,1
1297,1:bugged,1:bugged,,0.564
1298,2:valid,1:bugged,+,0.516
1299,2:valid,2:valid,,0.865
1300,2:valid,2:valid,,0.649
1301,2:valid,2:valid,,0.979
1302,2:valid,2:valid,,1
1303,2:valid,2:valid,,0.913
1304,2:valid,2:valid,,0.986
1305,2:valid,2:valid,,0.692
1306,1:bugged,2:valid,+,0.699
1307,2:valid,2:valid,,0.997
1308,2:valid,2:valid,,0.928
1309,2:valid,2:valid,,0.951
1310,2:valid,2:valid,,1
1311,1:bugged,1:bugged,,0.727
1312,2:valid,2:valid,,0.969
1313,2:valid,2:valid,,0.995
1314,2:valid,2:valid,,0.997
1315,2:valid,2:valid,,1
1316,2:valid,2:valid,,1
1317,2:valid,2:valid,,0.998
1318,1:bugged,2:valid,+,0.703
1319,2:valid,2:valid,,0.999
1320,2:valid,2:valid,,0.809
1321,2:valid,2:valid,,1
1322,2:valid,2:valid,,1
1323,2:valid,2:valid,,0.971
1324,1:bugged,2:valid,+,0.656
1325,2:valid,1:bugged,+,0.689
1326,2:valid,2:valid,,0.79
1327,1:bugged,1:bugged,,0.734
1328,2:valid,2:valid,,1
1329,2:valid,2:valid,,0.733
1330,2:valid,2:valid,,0.989
1331,1:bugged,2:valid,+,0.595
1332,2:valid,2:valid,,0.588
1333,2:valid,2:valid,,0.982
1334,1:bugged,2:valid,+,0.576
1335,2:valid,2:valid,,1
1336,2:valid,1:bugged,+,0.799
1337,1:bugged,1:bugged,,0.822
1338,2:valid,2:valid,,0.996
1339,1:bugged,2:valid,+,0.734
1340,2:valid,2:valid,,0.999
1341,2:valid,2:valid,,0.979
1342,2:valid,2:valid,,1
1343,2:valid,2:valid,,0.911
1344,2:valid,2:valid,,0.851
1345,2:valid,2:valid,,1
1346,2:valid,1:bugged,+,0.575
1347,2:valid,2:valid,,1
1348,2:valid,1:bugged,+,0.594
1349,2:valid,2:valid,,0.99
1350,2:valid,2:valid,,0.996
1351,1:bugged,2:valid,+,0.639
1352,2:valid,2:valid,,0.996
1353,1:bugged,2:valid,+,0.512
1354,2:valid,2:valid,,0.992
1355,2:valid,2:valid,,0.998
1356,2:valid,2:valid,,0.676
1357,2:valid,2:valid,,0.997
1358,1:bugged,2:valid,+,0.722
1359,1:bugged,2:valid,+,0.59
1360,2:valid,2:valid,,0.995
1361,2:valid,2:valid,,1
1362,2:valid,2:valid,,0.997
1363,1:bugged,2:valid,+,0.972
1364,2:valid,2:valid,,1
1365,2:valid,2:valid,,0.999
1366,2:valid,2:valid,,0.538
1367,2:valid,2:valid,,0.677
1368,2:valid,2:valid,,0.937
1369,1:bugged,2:valid,+,0.739
1370,1:bugged,1:bugged,,0.593
1371,1:bugged,2:valid,+,0.65
1372,2:valid,2:valid,,0.999
1373,2:valid,2:valid,,0.579
1374,1:bugged,1:bugged,,0.575
1375,2:valid,2:valid,,0.678
1376,2:valid,2:valid,,0.997
1377,2:valid,2:valid,,0.828
1378,2:valid,2:valid,,0.978
1379,2:valid,2:valid,,0.568
1380,2:valid,2:valid,,0.995
1381,2:valid,2:valid,,0.999
1382,2:valid,2:valid,,0.999
1383,2:valid,2:valid,,0.999
1384,2:valid,2:valid,,0.986
1385,1:bugged,1:bugged,,0.707
1386,2:valid,2:valid,,0.99
1387,2:valid,2:valid,,0.983
1388,2:valid,2:valid,,1
1389,2:valid,2:valid,,1
1390,2:valid,2:valid,,0.996
1391,2:valid,2:valid,,1
1392,2:valid,2:valid,,0.984
1393,2:valid,2:valid,,0.995
1394,2:valid,2:valid,,0.849
1395,2:valid,2:valid,,0.833
1396,2:valid,2:valid,,0.989
1397,2:valid,2:valid,,0.984
1398,2:valid,2:valid,,1
1399,2:valid,2:valid,,0.852
1400,2:valid,2:valid,,1
1401,2:valid,2:valid,,1
1402,2:valid,2:valid,,1
1403,2:valid,2:valid,,0.998
1404,2:valid,2:valid,,0.947
1405,2:valid,2:valid,,1
1406,2:valid,2:valid,,0.993
1407,2:valid,2:valid,,0.93
1408,2:valid,2:valid,,1
1409,2:valid,2:valid,,0.981
1410,2:valid,2:valid,,1
1411,2:valid,2:valid,,1
1412,2:valid,2:valid,,1
1413,2:valid,1:bugged,+,0.587
1414,2:valid,2:valid,,1
1415,2:valid,2:valid,,1
1416,1:bugged,1:bugged,,0.552
1417,2:valid,2:valid,,0.981
1418,1:bugged,1:bugged,,0.602
1419,1:bugged,2:valid,+,0.592
1420,2:valid,2:valid,,0.999
1421,2:valid,2:valid,,0.6
1422,1:bugged,2:valid,+,0.762
1423,2:valid,2:valid,,1
1424,2:valid,2:valid,,1
1425,2:valid,2:valid,,0.76
1426,2:valid,2:valid,,0.999
1427,2:valid,2:valid,,1
1428,2:valid,2:valid,,1
1429,1:bugged,2:valid,+,0.632
1430,2:valid,2:valid,,0.845
1431,2:valid,2:valid,,1
1432,1:bugged,2:valid,+,0.501
1433,2:valid,2:valid,,0.992
1434,2:valid,2:valid,,0.997
1435,2:valid,2:valid,,0.955
1436,2:valid,2:valid,,1
1437,2:valid,2:valid,,0.998
1438,2:valid,2:valid,,1
1439,2:valid,2:valid,,1
1440,2:valid,2:valid,,0.991
1441,2:valid,1:bugged,+,0.508
1442,2:valid,2:valid,,1
1443,2:valid,2:valid,,1
1444,1:bugged,2:valid,+,0.643
1445,2:valid,2:valid,,0.999
1446,2:valid,2:valid,,1
1447,2:valid,2:valid,,1
1448,2:valid,1:bugged,+,0.819
1449,2:valid,2:valid,,1
1450,2:valid,2:valid,,1
1451,2:valid,2:valid,,0.928
1452,2:valid,2:valid,,0.849
1453,1:bugged,2:valid,+,0.573
1454,2:valid,2:valid,,0.892
1455,2:valid,2:valid,,1
1456,2:valid,2:valid,,0.854
1457,2:valid,2:valid,,1
1458,2:valid,2:valid,,0.685
1459,1:bugged,1:bugged,,0.591
1460,1:bugged,1:bugged,,0.79
1461,2:valid,2:valid,,0.999
1462,1:bugged,2:valid,+,0.552
1463,2:valid,2:valid,,1
1464,2:valid,2:valid,,0.988
1465,2:valid,2:valid,,1
1466,2:valid,2:valid,,1
1467,2:valid,2:valid,,0.993
1468,2:valid,2:valid,,1
1469,2:valid,2:valid,,1
1470,2:valid,2:valid,,1
1471,2:valid,2:valid,,0.999
1472,2:valid,2:valid,,0.983
1473,1:bugged,1:bugged,,0.574
1474,2:valid,2:valid,,0.928
1475,2:valid,2:valid,,1
1476,2:valid,2:valid,,0.8
1477,2:valid,2:valid,,0.957
1478,2:valid,2:valid,,0.543
1479,2:valid,2:valid,,1
1480,2:valid,1:bugged,+,0.511
1481,2:valid,2:valid,,0.991
1482,1:bugged,1:bugged,,0.651
1483,2:valid,2:valid,,0.995
1484,2:valid,2:valid,,0.793
1485,2:valid,2:valid,,1
1486,2:valid,2:valid,,1
1487,2:valid,2:valid,,1
1488,2:valid,2:valid,,0.873
1489,2:valid,2:valid,,0.967
1490,2:valid,2:valid,,1
1491,2:valid,2:valid,,0.843
1492,1:bugged,2:valid,+,0.635
1493,1:bugged,2:valid,+,0.505
1494,2:valid,2:valid,,0.999
1495,1:bugged,1:bugged,,0.627
1496,2:valid,2:valid,,0.999
1497,2:valid,2:valid,,1
1498,2:valid,2:valid,,1
1499,1:bugged,2:valid,+,0.623
1500,2:valid,2:valid,,1
1501,1:bugged,1:bugged,,0.817
1502,2:valid,2:valid,,0.742
1503,2:valid,2:valid,,1
1504,2:valid,2:valid,,0.959
1505,2:valid,2:valid,,1
1506,2:valid,2:valid,,1
1507,1:bugged,2:valid,+,0.52
1508,2:valid,2:valid,,0.997
1509,2:valid,2:valid,,0.966
1510,2:valid,2:valid,,1
1511,2:valid,2:valid,,1
1512,2:valid,2:valid,,0.589
1513,1:bugged,2:valid,+,0.689
1514,2:valid,2:valid,,1
1515,2:valid,2:valid,,0.998
1516,1:bugged,2:valid,+,0.518
1517,2:valid,2:valid,,0.991
1518,2:valid,2:valid,,0.993
1519,2:valid,2:valid,,1
1520,1:bugged,1:bugged,,0.581
1521,2:valid,2:valid,,1
1522,2:valid,2:valid,,0.996
1523,2:valid,2:valid,,1
1524,2:valid,2:valid,,0.938
1525,1:bugged,1:bugged,,0.505
1526,1:bugged,1:bugged,,0.557
1527,2:valid,2:valid,,1
1528,2:valid,2:valid,,0.885
1529,2:valid,2:valid,,0.997
1530,2:valid,2:valid,,1
1531,2:valid,2:valid,,0.976
1532,2:valid,2:valid,,0.999
1533,2:valid,2:valid,,0.588
1534,2:valid,2:valid,,0.798
1535,2:valid,2:valid,,0.703
1536,2:valid,2:valid,,0.875
1537,2:valid,1:bugged,+,0.639
1538,2:valid,2:valid,,0.983
1539,2:valid,2:valid,,0.984
1540,2:valid,2:valid,,1
1541,2:valid,2:valid,,1
1542,2:valid,2:valid,,1
1543,2:valid,2:valid,,0.999
1544,2:valid,2:valid,,1
1545,2:valid,2:valid,,0.828
1546,2:valid,2:valid,,1
1547,2:valid,2:valid,,0.998
1548,1:bugged,1:bugged,,0.532
1549,1:bugged,2:valid,+,0.964
1550,1:bugged,2:valid,+,0.526
1551,2:valid,2:valid,,0.995
1552,2:valid,2:valid,,1
1553,2:valid,1:bugged,+,0.523
1554,2:valid,2:valid,,0.636
1555,2:valid,2:valid,,1
1556,2:valid,2:valid,,0.957
1557,1:bugged,2:valid,+,0.623
1558,1:bugged,2:valid,+,0.604
1559,2:valid,2:valid,,1
1560,2:valid,2:valid,,1
1561,2:valid,2:valid,,0.999
1562,2:valid,2:valid,,0.994
1563,2:valid,2:valid,,1
1564,2:valid,2:valid,,0.981
1565,1:bugged,1:bugged,,0.84
1566,2:valid,2:valid,,1
1567,2:valid,2:valid,,0.901
1568,1:bugged,1:bugged,,0.674
1569,1:bugged,1:bugged,,0.594
1570,2:valid,2:valid,,1
1571,2:valid,2:valid,,1
1572,1:bugged,2:valid,+,0.583
1573,2:valid,2:valid,,0.921
1574,1:bugged,2:valid,+,0.691
1575,2:valid,2:valid,,0.96
1576,2:valid,2:valid,,1
1577,1:bugged,2:valid,+,0.694
1578,1:bugged,1:bugged,,0.825
1579,2:valid,2:valid,,0.998
1580,2:valid,2:valid,,1
1581,2:valid,2:valid,,0.999
1582,2:valid,2:valid,,1
1583,2:valid,2:valid,,1
1584,2:valid,2:valid,,0.546
1585,2:valid,2:valid,,0.722
1586,2:valid,1:bugged,+,0.55
1587,2:valid,2:valid,,0.768
1588,2:valid,1:bugged,+,0.612
1589,2:valid,2:valid,,1
1590,2:valid,2:valid,,1
1591,2:valid,2:valid,,0.838
1592,2:valid,2:valid,,0.91
1593,2:valid,2:valid,,0.999
1594,2:valid,2:valid,,0.995
1595,2:valid,2:valid,,1
1596,2:valid,2:valid,,0.549
1597,2:valid,2:valid,,0.927
1598,1:bugged,1:bugged,,0.846
1599,2:valid,2:valid,,1
1600,2:valid,2:valid,,1
1601,1:bugged,1:bugged,,0.703
1602,2:valid,2:valid,,1
1603,1:bugged,1:bugged,,0.664
1604,2:valid,2:valid,,0.808
1605,2:valid,2:valid,,0.998
1606,2:valid,2:valid,,1
1607,2:valid,2:valid,,0.973
1608,2:valid,2:valid,,0.989
1609,1:bugged,2:valid,+,0.527
1610,2:valid,2:valid,,0.562
1611,2:valid,2:valid,,0.997
1612,2:valid,2:valid,,0.784
1613,2:valid,1:bugged,+,0.518
1614,2:valid,2:valid,,0.985
1615,2:valid,2:valid,,0.973
1616,2:valid,2:valid,,0.999
1617,2:valid,2:valid,,0.657
1618,2:valid,2:valid,,1
1619,2:valid,2:valid,,1
1620,2:valid,2:valid,,0.998
1621,2:valid,2:valid,,1
1622,2:valid,2:valid,,0.961
1623,2:valid,2:valid,,0.675
1624,2:valid,2:valid,,0.956
1625,2:valid,2:valid,,0.927
1626,2:valid,2:valid,,0.993
1627,2:valid,2:valid,,1
1628,2:valid,2:valid,,1
1629,2:valid,2:valid,,0.997
1630,2:valid,2:valid,,0.961
1631,2:valid,1:bugged,+,0.667
1632,2:valid,2:valid,,1
1633,2:valid,2:valid,,1
1634,2:valid,2:valid,,1
1635,2:valid,1:bugged,+,0.614
1636,2:valid,2:valid,,0.558
1637,2:valid,2:valid,,0.527
1638,1:bugged,2:valid,+,0.526
1639,1:bugged,2:valid,+,0.531
1640,2:valid,2:valid,,1
1641,2:valid,2:valid,,0.999
1642,2:valid,2:valid,,0.847
1643,2:valid,2:valid,,0.969
1644,1:bugged,2:valid,+,0.54
1645,2:valid,2:valid,,1
1646,2:valid,1:bugged,+,0.525
1647,2:valid,2:valid,,0.981
1648,2:valid,2:valid,,0.557
1649,2:valid,2:valid,,0.998
1650,2:valid,1:bugged,+,0.599
1651,2:valid,2:valid,,0.999
1652,2:valid,2:valid,,0.987
1653,2:valid,2:valid,,1
1654,2:valid,2:valid,,0.921
1655,1:bugged,2:valid,+,0.544
1656,1:bugged,1:bugged,,0.781
1657,2:valid,1:bugged,+,0.535
1658,1:bugged,1:bugged,,0.557
1659,2:valid,2:valid,,0.984
1660,2:valid,2:valid,,0.999
1661,2:valid,2:valid,,0.936
1662,1:bugged,1:bugged,,0.562
1663,2:valid,2:valid,,0.999
1664,2:valid,2:valid,,0.998
1665,2:valid,2:valid,,0.997
1666,2:valid,2:valid,,0.989
1667,2:valid,2:valid,,1
1668,1:bugged,1:bugged,,0.752
1669,2:valid,2:valid,,1
1670,2:valid,2:valid,,0.936
1671,1:bugged,2:valid,+,0.811
1672,2:valid,1:bugged,+,0.588
1673,2:valid,2:valid,,0.511
1674,2:valid,2:valid,,1
1675,2:valid,1:bugged,+,0.877
1676,2:valid,2:valid,,0.969
1677,2:valid,1:bugged,+,0.818
1678,2:valid,2:valid,,1
1679,2:valid,2:valid,,0.78
1680,1:bugged,1:bugged,,0.611
1681,2:valid,2:valid,,1
1682,2:valid,1:bugged,+,0.829
1683,1:bugged,2:valid,+,0.616
1684,2:valid,2:valid,,0.999
1685,2:valid,2:valid,,0.987
1686,2:valid,2:valid,,0.889
1687,2:valid,2:valid,,0.997
1688,2:valid,2:valid,,0.965
1689,2:valid,2:valid,,1
1690,2:valid,2:valid,,1
1691,2:valid,2:valid,,0.986
1692,2:valid,2:valid,,0.999
1693,2:valid,2:valid,,1
1694,2:valid,2:valid,,1
1695,2:valid,2:valid,,0.996
1696,2:valid,2:valid,,0.982
1697,2:valid,2:valid,,0.999
1698,2:valid,2:valid,,0.578
1699,2:valid,2:valid,,1
1700,2:valid,2:valid,,0.999
1701,2:valid,2:valid,,0.97
1702,2:valid,2:valid,,0.969
1703,2:valid,2:valid,,0.995
1704,2:valid,2:valid,,0.838
1705,2:valid,2:valid,,1
1706,1:bugged,1:bugged,,0.613
1707,2:valid,2:valid,,1
1708,2:valid,2:valid,,0.986
1709,2:valid,2:valid,,0.658
1710,2:valid,2:valid,,1
1711,2:valid,2:valid,,0.999
1712,1:bugged,2:valid,+,0.733
1713,2:valid,2:valid,,1
1714,2:valid,2:valid,,1
1715,2:valid,2:valid,,0.817
1716,2:valid,2:valid,,0.819
1717,2:valid,2:valid,,0.972
1718,2:valid,2:valid,,1
1719,2:valid,2:valid,,1
1720,2:valid,2:valid,,1
1721,2:valid,2:valid,,0.968
1722,2:valid,2:valid,,0.77
1723,2:valid,2:valid,,1
1724,2:valid,1:bugged,+,0.528
1725,1:bugged,1:bugged,,0.506
1726,2:valid,2:valid,,1
1727,2:valid,2:valid,,1
1728,2:valid,2:valid,,1
1729,2:valid,2:valid,,1
1730,2:valid,2:valid,,0.993
1731,2:valid,2:valid,,0.999
1732,2:valid,2:valid,,1
1733,2:valid,2:valid,,1
1734,1:bugged,1:bugged,,0.564
1735,2:valid,2:valid,,0.758
1736,2:valid,1:bugged,+,0.746
1737,2:valid,2:valid,,0.989
1738,2:valid,2:valid,,0.997
1739,2:valid,2:valid,,1
1740,2:valid,2:valid,,0.708
1741,1:bugged,1:bugged,,0.509
1742,2:valid,2:valid,,0.946
1743,2:valid,2:valid,,0.999
1744,2:valid,2:valid,,1
1745,2:valid,2:valid,,1
1746,2:valid,2:valid,,1
1747,2:valid,2:valid,,1
1748,2:valid,2:valid,,1
1749,2:valid,2:valid,,0.604
1750,1:bugged,1:bugged,,0.849
1751,2:valid,2:valid,,0.923
1752,2:valid,2:valid,,0.567
1753,2:valid,2:valid,,0.999
1754,2:valid,2:valid,,1
1755,2:valid,2:valid,,0.511
1756,2:valid,2:valid,,1
1757,2:valid,2:valid,,0.998
1758,2:valid,2:valid,,0.999
1759,2:valid,2:valid,,0.989
1760,2:valid,2:valid,,0.978
1761,2:valid,2:valid,,0.966
1762,2:valid,2:valid,,1
1763,2:valid,1:bugged,+,0.657
1764,1:bugged,1:bugged,,0.556
1765,2:valid,2:valid,,0.923
1766,2:valid,2:valid,,0.614
1767,2:valid,2:valid,,1
1768,2:valid,1:bugged,+,0.776
1769,2:valid,2:valid,,1
1770,1:bugged,2:valid,+,0.561
1771,2:valid,2:valid,,1
1772,2:valid,2:valid,,0.867
1773,1:bugged,1:bugged,,0.611
1774,2:valid,2:valid,,0.997
1775,2:valid,2:valid,,1
1776,2:valid,2:valid,,0.605
1777,2:valid,2:valid,,0.799
1778,2:valid,2:valid,,1
1779,2:valid,2:valid,,0.885
1780,2:valid,2:valid,,1
1781,2:valid,2:valid,,0.997
1782,2:valid,2:valid,,0.844
1783,2:valid,2:valid,,0.998
1784,2:valid,2:valid,,0.996
1785,2:valid,2:valid,,0.59
1786,2:valid,2:valid,,0.989
1787,2:valid,2:valid,,1
1788,2:valid,2:valid,,0.999
1789,2:valid,2:valid,,0.998
1790,1:bugged,1:bugged,,0.552
1791,2:valid,2:valid,,0.885
1792,2:valid,2:valid,,0.997
1793,2:valid,2:valid,,0.547
1794,1:bugged,1:bugged,,0.507
1795,1:bugged,2:valid,+,0.596
1796,2:valid,2:valid,,0.64
1797,2:valid,2:valid,,1
1798,2:valid,2:valid,,0.508
1799,2:valid,2:valid,,0.652
1800,2:valid,2:valid,,0.994
1801,2:valid,1:bugged,+,0.534
1802,2:valid,2:valid,,1
1803,2:valid,2:valid,,1
1804,2:valid,2:valid,,1
1805,2:valid,2:valid,,0.999
1806,1:bugged,2:valid,+,0.619
1807,2:valid,2:valid,,1
1808,2:valid,2:valid,,0.998
1809,2:valid,2:valid,,1
1810,2:valid,2:valid,,0.978
1811,1:bugged,2:valid,+,0.564
1812,2:valid,2:valid,,1
1813,2:valid,2:valid,,0.78
1814,1:bugged,2:valid,+,0.521
1815,2:valid,2:valid,,1
1816,2:valid,2:valid,,1
1817,1:bugged,1:bugged,,0.57
1818,2:valid,2:valid,,0.994
1819,2:valid,2:valid,,0.662
1820,2:valid,2:valid,,0.8
1821,2:valid,2:valid,,0.997
1822,1:bugged,2:valid,+,0.704
1823,2:valid,2:valid,,0.994
1824,2:valid,2:valid,,0.833
1825,2:valid,2:valid,,1
1826,1:bugged,1:bugged,,0.516
1827,2:valid,2:valid,,0.962
1828,2:valid,2:valid,,0.895
1829,2:valid,2:valid,,0.98
1830,2:valid,2:valid,,0.879
1831,2:valid,2:valid,,1
1832,2:valid,2:valid,,0.999
1833,2:valid,2:valid,,1
1834,2:valid,2:valid,,1
1835,2:valid,2:valid,,0.553
1836,2:valid,2:valid,,1
1837,2:valid,2:valid,,1
1838,2:valid,2:valid,,0.881
1839,2:valid,2:valid,,0.981
1840,2:valid,2:valid,,0.955
1841,2:valid,1:bugged,+,0.56
1842,2:valid,2:valid,,0.598
1843,2:valid,2:valid,,0.959
1844,2:valid,2:valid,,0.999
1845,2:valid,2:valid,,1
1846,2:valid,2:valid,,0.964
1847,2:valid,1:bugged,+,0.688
1848,2:valid,2:valid,,0.998
1849,2:valid,2:valid,,0.998
1850,2:valid,2:valid,,0.608
1851,2:valid,1:bugged,+,0.554
1852,1:bugged,2:valid,+,0.547
1853,2:valid,2:valid,,1
1854,2:valid,2:valid,,0.995
1855,2:valid,2:valid,,0.997
1856,2:valid,2:valid,,0.999
1857,2:valid,2:valid,,1
1858,2:valid,2:valid,,0.98
1859,2:valid,2:valid,,0.998
1860,2:valid,2:valid,,0.922
1861,2:valid,2:valid,,0.999
1862,2:valid,2:valid,,0.999
1863,1:bugged,1:bugged,,0.547
1864,2:valid,2:valid,,0.983
1865,2:valid,2:valid,,1
1866,2:valid,2:valid,,0.986
1867,2:valid,2:valid,,1
1868,1:bugged,2:valid,+,0.501
1869,2:valid,2:valid,,0.992
1870,2:valid,2:valid,,0.999
1871,1:bugged,2:valid,+,0.999
1872,2:valid,2:valid,,1
1873,2:valid,2:valid,,0.998
1874,2:valid,2:valid,,1
1875,1:bugged,2:valid,+,0.571
1876,2:valid,2:valid,,1
1877,2:valid,2:valid,,0.999
1878,2:valid,2:valid,,1
1879,2:valid,2:valid,,0.835
1880,2:valid,2:valid,,0.763
1881,1:bugged,2:valid,+,0.56
1882,2:valid,2:valid,,1
1883,2:valid,1:bugged,+,0.639
1884,2:valid,2:valid,,0.991
1885,2:valid,2:valid,,1
1886,2:valid,2:valid,,0.983
1887,2:valid,2:valid,,1
1888,2:valid,2:valid,,1
1889,2:valid,2:valid,,0.998
1890,2:valid,2:valid,,0.778
1891,2:valid,2:valid,,0.998
1892,2:valid,2:valid,,0.996
1893,2:valid,2:valid,,1
1894,2:valid,2:valid,,0.998
1895,2:valid,2:valid,,1
1896,2:valid,2:valid,,0.843
1897,1:bugged,2:valid,+,0.57
1898,2:valid,2:valid,,0.914
1899,2:valid,2:valid,,1
1900,2:valid,2:valid,,0.999
1901,2:valid,2:valid,,0.982
1902,2:valid,2:valid,,1
1903,1:bugged,2:valid,+,0.504
1904,2:valid,2:valid,,0.751
1905,2:valid,2:valid,,0.995
1906,2:valid,2:valid,,0.674
1907,2:valid,2:valid,,0.862
1908,1:bugged,2:valid,+,0.653
1909,2:valid,2:valid,,0.978
1910,2:valid,1:bugged,+,0.614
1911,1:bugged,2:valid,+,0.53
1912,2:valid,2:valid,,0.997
1913,2:valid,2:valid,,1
1914,2:valid,2:valid,,0.993
1915,1:bugged,2:valid,+,0.588
1916,2:valid,2:valid,,0.807
1917,2:valid,2:valid,,1
1918,1:bugged,2:valid,+,0.557
1919,2:valid,2:valid,,0.998
1920,2:valid,2:valid,,1
1921,2:valid,2:valid,,0.994
1922,2:valid,1:bugged,+,0.626
1923,2:valid,2:valid,,0.582
1924,1:bugged,1:bugged,,0.544
1925,2:valid,2:valid,,1
1926,1:bugged,1:bugged,,0.667
1927,1:bugged,2:valid,+,0.579
1928,2:valid,2:valid,,0.998
1929,2:valid,2:valid,,0.995
1930,2:valid,2:valid,,0.962
1931,2:valid,2:valid,,0.986
1932,2:valid,2:valid,,0.543
1933,2:valid,2:valid,,0.969
1934,2:valid,2:valid,,0.998
1935,2:valid,2:valid,,1
1936,2:valid,2:valid,,0.996
1937,1:bugged,2:valid,+,0.603
1938,2:valid,2:valid,,0.999
1939,2:valid,2:valid,,0.989
1940,2:valid,2:valid,,0.855
1941,2:valid,2:valid,,0.967
1942,2:valid,2:valid,,1
1943,1:bugged,1:bugged,,0.762
1944,2:valid,2:valid,,1
1945,1:bugged,2:valid,+,0.646
1946,2:valid,2:valid,,0.997
1947,2:valid,2:valid,,0.99
1948,2:valid,2:valid,,0.999
1949,1:bugged,1:bugged,,0.506
1950,2:valid,2:valid,,1
1951,2:valid,2:valid,,0.999
1952,2:valid,2:valid,,0.984
1953,2:valid,2:valid,,0.821
1954,2:valid,2:valid,,0.942
1955,2:valid,2:valid,,0.999
1956,1:bugged,1:bugged,,0.58
1957,2:valid,2:valid,,1
1958,2:valid,2:valid,,0.964
1959,1:bugged,1:bugged,,0.673
1960,2:valid,2:valid,,0.819
1961,2:valid,2:valid,,0.882
1962,2:valid,2:valid,,1
1963,1:bugged,1:bugged,,0.668
1964,2:valid,2:valid,,0.988
1965,2:valid,2:valid,,1
1966,1:bugged,2:valid,+,0.668
1967,2:valid,2:valid,,1
1968,2:valid,2:valid,,0.513
1969,2:valid,2:valid,,0.999
1970,2:valid,2:valid,,1
1971,2:valid,2:valid,,0.884
1972,2:valid,2:valid,,0.997
1973,2:valid,2:valid,,0.933
1974,2:valid,2:valid,,1
1975,2:valid,2:valid,,0.984
1976,1:bugged,1:bugged,,0.895
1977,1:bugged,2:valid,+,0.801
1978,1:bugged,1:bugged,,0.836
1979,2:valid,2:valid,,1
1980,2:valid,2:valid,,1
1981,2:valid,2:valid,,0.891
1982,2:valid,2:valid,,1
1983,2:valid,2:valid,,0.942
1984,2:valid,2:valid,,0.986
1985,2:valid,2:valid,,1
1986,2:valid,2:valid,,0.991
1987,2:valid,2:valid,,1
1988,2:valid,2:valid,,0.999
1989,2:valid,2:valid,,0.996
1990,2:valid,2:valid,,1
1991,2:valid,2:valid,,1
1992,2:valid,2:valid,,0.968
1993,2:valid,2:valid,,1
1994,1:bugged,2:valid,+,0.514
1995,2:valid,2:valid,,0.998
1996,2:valid,2:valid,,1
1997,2:valid,2:valid,,0.999
1998,2:valid,2:valid,,1
1999,2:valid,2:valid,,1
2000,2:valid,2:valid,,1
2001,2:valid,2:valid,,0.805
2002,2:valid,2:valid,,0.994
2003,2:valid,2:valid,,0.999
2004,2:valid,2:valid,,1
2005,2:valid,2:valid,,0.995
2006,2:valid,2:valid,,0.958
2007,1:bugged,1:bugged,,0.503
2008,2:valid,2:valid,,0.983
2009,1:bugged,1:bugged,,0.831
2010,1:bugged,2:valid,+,0.727
2011,2:valid,2:valid,,0.946
2012,1:bugged,1:bugged,,0.707
2013,2:valid,2:valid,,0.978
2014,2:valid,2:valid,,0.999
2015,2:valid,2:valid,,1
2016,2:valid,2:valid,,0.996
2017,2:valid,2:valid,,1
2018,2:valid,2:valid,,0.991
2019,2:valid,2:valid,,1
2020,1:bugged,2:valid,+,0.613
2021,2:valid,2:valid,,0.645
2022,2:valid,2:valid,,1
2023,2:valid,2:valid,,1
2024,2:valid,2:valid,,0.848
2025,2:valid,2:valid,,0.996
2026,2:valid,2:valid,,0.999
2027,2:valid,2:valid,,1
2028,2:valid,2:valid,,0.997
2029,1:bugged,1:bugged,,0.727
2030,2:valid,2:valid,,0.942
2031,2:valid,2:valid,,0.799
2032,2:valid,2:valid,,0.985
2033,1:bugged,2:valid,+,0.606
2034,1:bugged,2:valid,+,0.969
2035,2:valid,2:valid,,0.999
2036,2:valid,2:valid,,0.993
2037,2:valid,2:valid,,1
2038,1:bugged,2:valid,+,0.718
2039,2:valid,2:valid,,1

